{
  "version": 1,
  "author": "Anonymous maker",
  "editor": "wokwi",
  "parts": [
    { "type": "wokwi-breadboard-mini", "id": "bb1", "top": 46.6, "left": -232.8, "attrs": {} },
    { "type": "wokwi-breadboard-mini", "id": "bb2", "top": 133, "left": 986.4, "attrs": {} },
    { "type": "wokwi-breadboard-mini", "id": "bb3", "top": 373, "left": 237.6, "attrs": {} },
    { "type": "wokwi-arduino-mega", "id": "uno", "top": 135, "left": 274.8, "attrs": {} },
    { "type": "wokwi-hc-sr04", "id": "ultrasonic1", "top": -171.3, "left": -464.9, "attrs": {} },
    { "type": "wokwi-hc-sr04", "id": "ultrasonic2", "top": -171.3, "left": -215.3, "attrs": {} },
    { "type": "wokwi-hc-sr04", "id": "ultrasonic3", "top": -171.3, "left": 24.7, "attrs": {} },
    { "type": "wokwi-hc-sr04", "id": "ultrasonic4", "top": 414.3, "left": 706.3, "attrs": {} },
    { "type": "wokwi-hc-sr04", "id": "ultrasonic5", "top": 404.7, "left": 965.5, "attrs": {} },
    { "type": "wokwi-hc-sr04", "id": "ultrasonic6", "top": 404.7, "left": 1215.1, "attrs": {} },
    { "type": "wokwi-led", "id": "led1", "top": -378, "left": 224.6, "attrs": { "color": "red" } },
    {
      "type": "wokwi-led",
      "id": "led2",
      "top": -330,
      "left": 224.6,
      "attrs": { "color": "orange" }
    },
    {
      "type": "wokwi-led",
      "id": "led3",
      "top": -262.8,
      "left": 224.6,
      "attrs": { "color": "green" }
    },
    {
      "type": "board-cd74hc4067",
      "id": "mux1",
      "top": -117.61,
      "left": 454.65,
      "rotate": 90,
      "attrs": {}
    },
    {
      "type": "wokwi-led",
      "id": "led4",
      "top": -176.4,
      "left": 762.2,
      "attrs": { "color": "red" }
    },
    {
      "type": "wokwi-led",
      "id": "led5",
      "top": -109.2,
      "left": 762.2,
      "attrs": { "color": "orange" }
    },
    {
      "type": "wokwi-led",
      "id": "led6",
      "top": -42,
      "left": 762.2,
      "attrs": { "color": "limegreen" }
    },
    {
      "type": "board-cd74hc4067",
      "id": "mux2",
      "top": -21.61,
      "left": 646.65,
      "rotate": 90,
      "attrs": {}
    },
    {
      "type": "board-cd74hc4067",
      "id": "mux3",
      "top": 368.81,
      "left": 300.35,
      "rotate": 270,
      "attrs": {}
    },
    { "type": "wokwi-led", "id": "led7", "top": 514.8, "left": 551, "attrs": { "color": "red" } },
    { "type": "wokwi-led", "id": "led8", "top": 582, "left": 551, "attrs": { "color": "orange" } },
    {
      "type": "wokwi-led",
      "id": "led9",
      "top": 649.2,
      "left": 551,
      "attrs": { "color": "limegreen" }
    },
    {
      "type": "wokwi-hc-sr04",
      "id": "ultrasonic7",
      "top": 654.3,
      "left": 34.3,
      "rotate": -90,
      "attrs": {}
    },
    {
      "type": "wokwi-hc-sr04",
      "id": "ultrasonic8",
      "top": 884.7,
      "left": 34.3,
      "rotate": -90,
      "attrs": {}
    }
  ],
  "connections": [
    [ "uno:GND.2", "bb1:16b.j", "black", [ "v-124.9", "h-226.5" ] ],
    [ "uno:GND.3", "bb1:15b.j", "black", [ "v-115.3", "h-245.6" ] ],
    [ "uno:GND.1", "bb1:17b.j", "black", [ "h-143.7", "v48", "h-38.4", "v-48" ] ],
    [ "ultrasonic3:GND", "bb1:17b.f", "black", [ "v134.4", "h-68.4" ] ],
    [ "ultrasonic2:GND", "bb1:16b.f", "black", [ "v19.2", "h152.4" ] ],
    [ "ultrasonic1:GND", "bb1:15b.f", "black", [ "v38.4", "h373.2" ] ],
    [ "uno:GND.2", "bb2:2b.f", "black", [ "v28.7", "h157.5", "v-96", "h76.8" ] ],
    [ "uno:GND.1", "bb2:1b.f", "black", [ "v38.4", "h201.9", "v67.2", "h403.2" ] ],
    [ "uno:GND.3", "bb2:3b.f", "black", [ "v19.1", "h186.4", "v-86.4", "h48" ] ],
    [ "ultrasonic4:GND", "bb2:1b.j", "black", [ "v-115.2", "h238.8" ] ],
    [ "ultrasonic5:GND", "bb2:2b.j", "black", [ "v-105.6", "h8.4" ] ],
    [ "ultrasonic6:GND", "bb2:3b.j", "black", [ "v-115.2", "h-183.6" ] ],
    [ "uno:5V", "bb1:3b.j", "red", [ "v38.3", "h-322.6" ] ],
    [ "bb1:3b.i", "bb1:2b.i", "green", [ "v0" ] ],
    [ "bb1:2b.j", "bb1:1b.j", "green", [ "v0" ] ],
    [ "ultrasonic1:VCC", "bb1:1b.f", "red", [ "v144", "h288" ] ],
    [ "ultrasonic2:VCC", "bb1:2b.f", "red", [ "v134.4", "h67.2" ] ],
    [ "ultrasonic3:VCC", "bb1:3b.f", "red", [ "v48", "h-153.6" ] ],
    [ "uno:5V", "bb2:17b.f", "red", [ "v38.3", "h157.4", "v-124.8", "h556.8" ] ],
    [ "bb2:17b.g", "bb2:16b.g", "green", [ "v0" ] ],
    [ "bb2:16b.f", "bb2:15b.f", "green", [ "v0" ] ],
    [ "ultrasonic4:VCC", "bb2:15b.j", "red", [ "v-153.6", "h422.4" ] ],
    [ "ultrasonic5:VCC", "bb2:16b.j", "red", [ "v-153.6", "h105.6", "v-134.4" ] ],
    [ "ultrasonic6:VCC", "bb2:17b.j", "red", [ "v-144", "h-134.4" ] ],
    [ "led1:C", "bb1:17b.g", "green", [ "v0" ] ],
    [ "led3:C", "bb1:16b.g", "green", [ "v0" ] ],
    [ "led2:C", "bb1:15b.g", "green", [ "v0" ] ],
    [ "uno:3.3V", "mux1:VCC", "green", [ "v-86.5", "h148.2" ] ],
    [ "uno:GND.1", "mux1:GND", "black", [ "v0" ] ],
    [ "mux1:I0", "led1:A", "green", [ "v0", "h-134.4" ] ],
    [ "led2:A", "mux1:I1", "green", [ "v0" ] ],
    [ "led3:A", "mux1:I2", "green", [ "v0" ] ],
    [ "mux1:VCC", "mux1:COM", "red", [ "v-9.57", "h57.6" ] ],
    [ "mux2:VCC", "mux2:COM", "red", [ "v-9.57", "h57.6" ] ],
    [ "led4:A", "mux2:I0", "green", [ "v124.8", "h-201.6" ] ],
    [ "led5:A", "mux2:I1", "green", [ "v67.2", "h-192" ] ],
    [ "led6:A", "mux2:I2", "green", [ "v9.6", "h-182.4" ] ],
    [ "uno:3", "mux2:S0", "green", [ "v-9.6", "h148" ] ],
    [ "uno:2", "mux2:S1", "green", [ "v0", "h148.1" ] ],
    [ "bb2:1b.h", "bb2:1t.e", "green", [ "v0" ] ],
    [ "bb2:2b.h", "bb2:2t.e", "green", [ "v0" ] ],
    [ "bb2:3b.h", "bb2:3t.e", "green", [ "v0" ] ],
    [ "led6:C", "bb2:1t.a", "green", [ "v57.6", "h221.2" ] ],
    [ "led5:C", "bb2:2t.a", "green", [ "v105.6", "h230.8" ] ],
    [ "led4:C", "bb2:3t.a", "green", [ "v153.6", "h240.4" ] ],
    [ "bb2:15b.g", "bb2:17t.e", "green", [ "v-28.8", "h19.2" ] ],
    [ "mux2:VCC", "bb2:17t.d", "red", [ "v0" ] ],
    [ "mux2:GND", "bb2:1t.c", "black", [ "v0" ] ],
    [ "mux1:S0", "uno:5", "green", [ "v0" ] ],
    [ "mux1:S1", "uno:4", "green", [ "v0" ] ],
    [ "uno:5V", "bb3:12t.a", "red", [ "v57.5", "h-82.6" ] ],
    [ "uno:7", "bb3:9t.a", "green", [ "v96", "h-140.4" ] ],
    [ "bb3:1b.h", "led7:C", "green", [ "v48", "h316.4" ] ],
    [ "bb3:1b.i", "led8:C", "green", [ "v48", "h316.4" ] ],
    [ "bb3:1b.j", "led9:C", "green", [ "v48", "h316.4" ] ],
    [ "bb3:12t.b", "mux3:VCC", "green", [ "v0" ] ],
    [ "bb3:1b.g", "mux3:GND", "green", [ "v48", "h86.4" ] ],
    [ "led7:A", "mux3:I0", "green", [ "v0" ] ],
    [ "led8:A", "mux3:I1", "green", [ "v0", "h-182.4" ] ],
    [ "led9:A", "mux3:I2", "green", [ "v-57.6", "h-192" ] ],
    [ "mux3:VCC", "mux3:COM", "red", [ "v9.57", "h-57.6" ] ],
    [ "bb3:1b.f", "bb3:1t.e", "green", [ "v0" ] ],
    [ "bb3:1t.d", "bb3:13t.d", "green", [ "v0" ] ],
    [ "uno:GND.2", "bb3:13t.a", "black", [ "v67.1", "h-82.5" ] ],
    [ "uno:6", "bb3:10t.a", "green", [ "v105.6", "h-130.7" ] ],
    [ "ultrasonic7:GND", "bb3:1t.a", "black", [ "v0" ] ],
    [ "ultrasonic8:GND", "bb3:1t.b", "black", [ "v0" ] ],
    [ "mux3:I15", "bb3:2b.h", "", [ "$bb" ] ],
    [ "mux3:I14", "bb3:3b.h", "", [ "$bb" ] ],
    [ "mux3:I13", "bb3:4b.h", "", [ "$bb" ] ],
    [ "mux3:I12", "bb3:5b.h", "", [ "$bb" ] ],
    [ "mux3:I11", "bb3:6b.h", "", [ "$bb" ] ],
    [ "mux3:I10", "bb3:7b.h", "", [ "$bb" ] ],
    [ "mux3:I9", "bb3:8b.h", "", [ "$bb" ] ],
    [ "mux3:I8", "bb3:9b.h", "", [ "$bb" ] ],
    [ "mux3:I7", "bb3:10b.h", "", [ "$bb" ] ],
    [ "mux3:I6", "bb3:11b.h", "", [ "$bb" ] ],
    [ "mux3:I5", "bb3:12b.h", "", [ "$bb" ] ],
    [ "mux3:I4", "bb3:13b.h", "", [ "$bb" ] ],
    [ "mux3:I3", "bb3:14b.h", "", [ "$bb" ] ],
    [ "mux3:I2", "bb3:15b.h", "", [ "$bb" ] ],
    [ "mux3:I1", "bb3:16b.h", "", [ "$bb" ] ],
    [ "mux3:I0", "bb3:17b.h", "", [ "$bb" ] ],
    [ "mux3:COM", "bb3:6t.e", "", [ "$bb" ] ],
    [ "mux3:S3", "bb3:7t.e", "", [ "$bb" ] ],
    [ "mux3:S2", "bb3:8t.e", "", [ "$bb" ] ],
    [ "mux3:S1", "bb3:9t.e", "", [ "$bb" ] ],
    [ "mux3:S0", "bb3:10t.e", "", [ "$bb" ] ],
    [ "mux3:EN", "bb3:11t.e", "", [ "$bb" ] ],
    [ "mux3:VCC", "bb3:12t.e", "", [ "$bb" ] ],
    [ "mux3:GND", "bb3:13t.e", "", [ "$bb" ] ]
  ],
  "dependencies": {}
}