{
  "version": 1,
  "author": "Anonymous maker",
  "editor": "wokwi",
  "parts": [
    { "type": "wokwi-breadboard-mini", "id": "bb1", "top": 46.6, "left": -232.8, "attrs": {} },
    { "type": "wokwi-breadboard-mini", "id": "bb2", "top": 104.2, "left": 823.2, "attrs": {} },
    { "type": "wokwi-breadboard-mini", "id": "bb3", "top": 373, "left": 237.6, "attrs": {} },
    { "type": "wokwi-arduino-uno", "id": "uno", "top": 144.6, "left": 306.6, "attrs": {} },
    {
      "type": "wokwi-hc-sr04",
      "id": "ultrasonic3",
      "top": -180.9,
      "left": -455.3,
      "attrs": { "distance": "163" }
    },
    { "type": "wokwi-hc-sr04", "id": "ultrasonic6", "top": 404.7, "left": 1215.1, "attrs": {} },
    { "type": "wokwi-led", "id": "led1", "top": -378, "left": 224.6, "attrs": { "color": "red" } },
    {
      "type": "wokwi-led",
      "id": "led2",
      "top": -330,
      "left": 224.6,
      "attrs": { "color": "orange" }
    },
    {
      "type": "wokwi-led",
      "id": "led3",
      "top": -262.8,
      "left": 224.6,
      "attrs": { "color": "green" }
    },
    {
      "type": "board-cd74hc4067",
      "id": "mux1",
      "top": -50.41,
      "left": 464.25,
      "rotate": 90,
      "attrs": {}
    },
    {
      "type": "wokwi-led",
      "id": "led4",
      "top": -176.4,
      "left": 762.2,
      "attrs": { "color": "red" }
    },
    {
      "type": "wokwi-led",
      "id": "led5",
      "top": -109.2,
      "left": 762.2,
      "attrs": { "color": "orange" }
    },
    {
      "type": "wokwi-led",
      "id": "led6",
      "top": -42,
      "left": 762.2,
      "attrs": { "color": "limegreen" }
    },
    {
      "type": "board-cd74hc4067",
      "id": "mux2",
      "top": 26.39,
      "left": 617.85,
      "rotate": 90,
      "attrs": {}
    },
    {
      "type": "board-cd74hc4067",
      "id": "mux3",
      "top": 368.81,
      "left": 300.35,
      "rotate": 270,
      "attrs": {}
    },
    { "type": "wokwi-led", "id": "led7", "top": 514.8, "left": 551, "attrs": { "color": "red" } },
    { "type": "wokwi-led", "id": "led8", "top": 582, "left": 551, "attrs": { "color": "orange" } },
    {
      "type": "wokwi-led",
      "id": "led9",
      "top": 649.2,
      "left": 551,
      "attrs": { "color": "limegreen" }
    },
    {
      "type": "wokwi-hc-sr04",
      "id": "ultrasonic7",
      "top": 649.7,
      "left": 21.1,
      "rotate": -90,
      "attrs": { "distance": "231" }
    },
    {
      "type": "wokwi-hc-sr04",
      "id": "ultrasonic8",
      "top": 884.7,
      "left": 34.3,
      "rotate": -90,
      "attrs": { "distance": "400" }
    }
  ],
  "connections": [
    [ "uno:GND.1", "bb1:17b.j", "black", [ "v48", "h-460.5", "v-38.4" ] ],
    [ "ultrasonic3:GND", "bb1:17b.f", "black", [ "v144", "h286.8" ] ],
    [ "uno:GND.2", "bb2:2b.f", "black", [ "v28.7", "h157.5", "v-96", "h76.8" ] ],
    [ "uno:GND.1", "bb2:1b.f", "black", [ "v38.4", "h201.9", "v67.2", "h403.2" ] ],
    [ "uno:GND.3", "bb2:3b.f", "black", [ "v19.1", "h186.4", "v-86.4", "h48" ] ],
    [ "ultrasonic6:GND", "bb2:3b.j", "black", [ "v-115.2", "h-183.6" ] ],
    [ "uno:5V", "bb1:3b.j", "red", [ "v38.3", "h-322.6" ] ],
    [ "ultrasonic3:VCC", "bb1:3b.f", "red", [ "v211.2", "h182.4" ] ],
    [ "uno:5V", "bb2:17b.f", "red", [ "v38.3", "h157.4", "v-124.8", "h556.8" ] ],
    [ "bb2:17b.g", "bb2:16b.g", "green", [ "v0" ] ],
    [ "bb2:16b.f", "bb2:15b.f", "green", [ "v0" ] ],
    [ "ultrasonic6:VCC", "bb2:17b.j", "red", [ "v-144", "h-134.4" ] ],
    [ "uno:3.3V", "mux1:VCC", "green", [ "v-86.5", "h148.2" ] ],
    [ "uno:GND.1", "mux1:GND", "black", [ "v0" ] ],
    [ "mux1:I0", "led1:A", "green", [ "v0", "h-134.4" ] ],
    [ "led2:A", "mux1:I1", "green", [ "v0" ] ],
    [ "led3:A", "mux1:I2", "green", [ "v0" ] ],
    [ "mux1:VCC", "mux1:COM", "red", [ "v-9.57", "h57.6" ] ],
    [ "mux2:VCC", "mux2:COM", "red", [ "v-9.57", "h57.6" ] ],
    [ "led4:A", "mux2:I0", "green", [ "v124.8", "h-201.6" ] ],
    [ "led5:A", "mux2:I1", "green", [ "v67.2", "h-192" ] ],
    [ "led6:A", "mux2:I2", "green", [ "v9.6", "h-182.4" ] ],
    [ "uno:3", "mux2:S0", "green", [ "v-9.6", "h148" ] ],
    [ "uno:2", "mux2:S1", "green", [ "v0", "h148.1" ] ],
    [ "bb2:1b.h", "bb2:1t.e", "green", [ "v0" ] ],
    [ "bb2:2b.h", "bb2:2t.e", "green", [ "v0" ] ],
    [ "bb2:3b.h", "bb2:3t.e", "green", [ "v0" ] ],
    [ "led6:C", "bb2:1t.a", "green", [ "v57.6", "h221.2" ] ],
    [ "bb2:15b.g", "bb2:17t.e", "green", [ "v-28.8", "h19.2" ] ],
    [ "mux2:VCC", "bb2:17t.d", "red", [ "v0" ] ],
    [ "mux2:GND", "bb2:1t.c", "black", [ "v0" ] ],
    [ "mux1:S0", "uno:5", "green", [ "v0" ] ],
    [ "mux1:S1", "uno:4", "green", [ "v0" ] ],
    [ "uno:5V", "bb3:12t.a", "red", [ "v57.5", "h-82.6" ] ],
    [ "uno:7", "bb3:9t.a", "green", [ "v96", "h-140.4" ] ],
    [ "bb3:1b.h", "led7:C", "green", [ "v48", "h316.4" ] ],
    [ "bb3:12t.b", "mux3:VCC", "green", [ "v0" ] ],
    [ "led7:A", "mux3:I0", "green", [ "v0" ] ],
    [ "led8:A", "mux3:I1", "green", [ "v-144", "h-182.4" ] ],
    [ "led9:A", "mux3:I2", "green", [ "v-201.6", "h-192" ] ],
    [ "mux3:VCC", "mux3:COM", "red", [ "v9.57", "h-57.6" ] ],
    [ "bb3:1b.f", "bb3:1t.e", "green", [ "v0" ] ],
    [ "bb3:1t.d", "bb3:13t.d", "green", [ "v0" ] ],
    [ "uno:GND.2", "bb3:13t.a", "black", [ "v67.1", "h-82.5" ] ],
    [ "uno:6", "bb3:10t.a", "green", [ "v105.6", "h-130.7" ] ],
    [ "ultrasonic7:GND", "bb3:1t.a", "black", [ "v0" ] ],
    [ "ultrasonic8:GND", "bb3:1t.b", "black", [ "v0" ] ],
    [ "ultrasonic3:TRIG", "bb1:1t.e", "green", [ "v0" ] ],
    [ "ultrasonic3:ECHO", "bb1:3t.c", "green", [ "v0" ] ],
    [ "uno:A0", "bb1:1t.d", "green", [ "v-19.3", "h-687.4", "v-86.4" ] ],
    [ "bb1:3t.b", "uno:8", "green", [ "v19.2", "h547.2" ] ],
    [ "ultrasonic6:TRIG", "bb2:7b.j", "green", [ "v-163.2", "h-394" ] ],
    [ "ultrasonic6:ECHO", "bb2:9b.j", "green", [ "v-182.4", "h-384.8" ] ],
    [ "bb2:7b.f", "uno:A1", "green", [ "v57.6", "h-368.7" ] ],
    [ "bb2:9b.h", "uno:9", "green", [ "v9.6", "h-268.8" ] ],
    [ "led4:C", "led5:C", "green", [ "v0" ] ],
    [ "led5:C", "led6:C", "green", [ "v0" ] ],
    [ "led1:C", "led2:C", "green", [ "v0" ] ],
    [ "led2:C", "led3:C", "green", [ "v0" ] ],
    [ "led3:C", "bb1:17b.h", "green", [ "v0" ] ],
    [ "led7:C", "led8:C", "green", [ "v0" ] ],
    [ "led8:C", "led9:C", "green", [ "v0" ] ],
    [ "ultrasonic7:TRIG", "bb3:2t.c", "green", [ "h0" ] ],
    [ "ultrasonic7:ECHO", "bb3:4t.c", "green", [ "h0" ] ],
    [ "ultrasonic8:ECHO", "bb3:5t.c", "green", [ "h0" ] ],
    [ "ultrasonic8:TRIG", "bb3:3t.c", "green", [ "h0" ] ],
    [ "bb3:2t.b", "uno:A2", "green", [ "v-57.6", "h268.8" ] ],
    [ "bb3:3t.b", "uno:A3", "green", [ "v-48", "h274.3" ] ],
    [ "ultrasonic8:VCC", "ultrasonic7:VCC", "red", [ "h-22.8", "v-235" ] ],
    [ "ultrasonic7:VCC", "bb3:12t.c", "red", [ "h-9.6", "v-316.8" ] ],
    [ "bb3:4t.b", "uno:10", "green", [ "v-153.6", "h182.4" ] ],
    [ "bb3:5t.b", "uno:11", "green", [ "v-163.2", "h163.2" ] ],
    [ "mux3:I15", "bb3:2b.h", "", [ "$bb" ] ],
    [ "mux3:I14", "bb3:3b.h", "", [ "$bb" ] ],
    [ "mux3:I13", "bb3:4b.h", "", [ "$bb" ] ],
    [ "mux3:I12", "bb3:5b.h", "", [ "$bb" ] ],
    [ "mux3:I11", "bb3:6b.h", "", [ "$bb" ] ],
    [ "mux3:I10", "bb3:7b.h", "", [ "$bb" ] ],
    [ "mux3:I9", "bb3:8b.h", "", [ "$bb" ] ],
    [ "mux3:I8", "bb3:9b.h", "", [ "$bb" ] ],
    [ "mux3:I7", "bb3:10b.h", "", [ "$bb" ] ],
    [ "mux3:I6", "bb3:11b.h", "", [ "$bb" ] ],
    [ "mux3:I5", "bb3:12b.h", "", [ "$bb" ] ],
    [ "mux3:I4", "bb3:13b.h", "", [ "$bb" ] ],
    [ "mux3:I3", "bb3:14b.h", "", [ "$bb" ] ],
    [ "mux3:I2", "bb3:15b.h", "", [ "$bb" ] ],
    [ "mux3:I1", "bb3:16b.h", "", [ "$bb" ] ],
    [ "mux3:I0", "bb3:17b.h", "", [ "$bb" ] ],
    [ "mux3:COM", "bb3:6t.e", "", [ "$bb" ] ],
    [ "mux3:S3", "bb3:7t.e", "", [ "$bb" ] ],
    [ "mux3:S2", "bb3:8t.e", "", [ "$bb" ] ],
    [ "mux3:S1", "bb3:9t.e", "", [ "$bb" ] ],
    [ "mux3:S0", "bb3:10t.e", "", [ "$bb" ] ],
    [ "mux3:EN", "bb3:11t.e", "", [ "$bb" ] ],
    [ "mux3:VCC", "bb3:12t.e", "", [ "$bb" ] ],
    [ "mux3:GND", "bb3:13t.e", "", [ "$bb" ] ]
  ],
  "dependencies": {}
}