{
  "version": 1,
  "author": "Anonymous maker",
  "editor": "wokwi",
  "parts": [
    { "type": "wokwi-breadboard-mini", "id": "bb1", "top": -11, "left": 16.8, "attrs": {} },
    { "type": "wokwi-breadboard-mini", "id": "bb2", "top": 152.2, "left": 621.6, "attrs": {} },
    { "type": "wokwi-arduino-uno", "id": "uno", "top": 96.6, "left": 249, "attrs": {} },
    { "type": "wokwi-hc-sr04", "id": "ultrasonic1", "top": -171.3, "left": -330.5, "attrs": {} },
    { "type": "wokwi-hc-sr04", "id": "ultrasonic2", "top": -171.3, "left": -100.1, "attrs": {} },
    { "type": "wokwi-hc-sr04", "id": "ultrasonic3", "top": -171.3, "left": 130.3, "attrs": {} },
    { "type": "wokwi-hc-sr04", "id": "ultrasonic4", "top": 395.1, "left": 283.9, "attrs": {} },
    { "type": "wokwi-hc-sr04", "id": "ultrasonic5", "top": 404.7, "left": 504.7, "attrs": {} },
    { "type": "wokwi-hc-sr04", "id": "ultrasonic6", "top": 404.7, "left": 735.1, "attrs": {} }
  ],
  "connections": [
    [ "uno:GND.2", "bb1:16b.j", "black", [ "v-124.9", "h-226.5" ] ],
    [ "uno:GND.3", "bb1:15b.j", "black", [ "v-115.3", "h-245.6" ] ],
    [ "uno:GND.1", "bb1:17b.j", "black", [ "h-143.7", "v48", "h-38.4", "v-48" ] ],
    [ "ultrasonic3:GND", "bb1:17b.f", "black", [ "v134.4", "h-68.4" ] ],
    [ "ultrasonic2:GND", "bb1:16b.f", "black", [ "v19.2", "h152.4" ] ],
    [ "ultrasonic1:GND", "bb1:15b.f", "black", [ "v38.4", "h373.2" ] ],
    [ "uno:GND.2", "bb2:2b.f", "black", [ "v28.7", "h157.5", "v-96", "h76.8" ] ],
    [ "uno:GND.1", "bb2:1b.f", "black", [ "v48", "h201.9", "v57.6", "h76.8" ] ],
    [ "uno:GND.3", "bb2:3b.f", "black", [ "v19.1", "h186.4", "v-86.4", "h48" ] ]
  ],
  "dependencies": {}
}